{
    "CAM_FRONT_3M": [
        [
            -0.0127415583869142,
            -0.9999167896428093,
            0.0020135679511560545,
            0.0765858142567081
        ],
        [
            -0.06441213737637888,
            -0.0011888637731091438,
            -0.9979223018017661,
            -1.0891841573972991
        ],
        [
            0.9978418990785626,
            -0.01284593223957367,
            -0.06439178728891133,
            0.015712346954934762
        ],
        [
            0.0,
            0.0,
            0.0,
            1.0
        ]
    ],
    "CAM_LEFT_3M": [
        [
            0.9945844410378902,
            0.07918853904860533,
            -0.0673179966327637,
            1.4352167740919453
        ],
        [
            -0.06412320683994377,
            -0.04221972914099534,
            -0.9970482030707334,
            -0.17872406652416606
        ],
        [
            -0.08179614035900169,
            0.9959649582010109,
            -0.03691349543335505,
            -0.7306798973395836
        ],
        [
            0.0,
            0.0,
            0.0,
            1.0
        ]
    ],
    "CAM_RIGHT_3M": [
        [
            -0.9964913433720844,
            0.07849221940418087,
            0.029048492719757252,
            -1.4531770531480532
        ],
        [
            -0.029268386516472355,
            -0.001651715323789134,
            -0.9995704852708445,
            -0.04346354355253332
        ],
        [
            -0.07840981963863397,
            -0.9969133491990649,
            0.003943327873233268,
            -0.7874779046384514
        ],
        [
            0.0,
            0.0,
            0.0,
            1.0
        ]
    ],
    "CAM_BACK_3MH": [
        [
            0.00837884,
            0.999433,
            -0.0325965,
            0.0712252
        ],
        [
            -0.0342603,
            -0.0322909,
            -0.998891,
            -0.124559
        ],
        [
            -0.999377,
            0.00948588,
            0.0339703,
            -2.82369
        ],
        [
            0.0,
            0.0,
            0.0,
            1.0
        ]
    ],
    "CAM_FRONT_8M": [
        [
            -0.0127415583869142,
            -0.9999167896428093,
            0.0020135679511560545,
            0.0765858142567081
        ],
        [
            -0.06441213737637888,
            -0.0011888637731091438,
            -0.9979223018017661,
            -1.0891841573972991
        ],
        [
            0.9978418990785626,
            -0.01284593223957367,
            -0.06439178728891133,
            0.015712346954934762
        ],
        [
            0.0,
            0.0,
            0.0,
            1.0
        ]
    ]
}