{
    "CAM_FRONT_8M": [
        [0.0178327,-0.998469,-0.0523567,0.219649],
        [0.0701797,0.0534859,-0.996099,-0.247415],
        [0.997376,0.0140892,0.0710238,-0.162269],
        [0.0,0.0,0.0,1.0]
        ],
    "CAM_FRONT_3M": [
        [0.513625,-0.855977,0.0590722,-0.500305],
        [0.0861281,-0.0170643,-0.996138,-1.483],
        [0.853681,0.516732,0.0649566,-2.47377],
        [0.0,0.0,0.0,1.0]
    ],
    "CAM_LEFT_3M": [
        [0.911494,0.407182,0.0581301,-0.269202],
        [0.0263281,0.0832795,-0.996178,-0.751226],
        [-0.410468,0.909543,0.0651861,-1.26449],
        [0.0,0.0,0.0,1.0]
    ],
    "CAM_RIGHT_3M": [
        [-0.825715,-0.54088,-0.160135,-1.34984],
        [0.153503,0.0577146,-0.98646,-0.0232398],
        [0.542799,-0.839119,0.0353682,0.0449266],
        [0.0,0.0,0.0,1.0]
    ],
    "CAM_BACK_3MH": [
        [-0.253695,0.967199,-0.0129075,0.278291],
        [0.0412748,-0.00250722,-0.999145,-0.192761],
        [-0.966404,-0.25401,-0.0392903,-2.35368],
        [0.0,0.0,0.0,1.0]
    ]
}