{
    "CAM_FRONT_8M": [
        [
            0.10574166466163638,
            -0.9943691451885388,
            -0.006912433040315226,
            -0.15346249548857135
        ],
        [
            0.33036062731831467,
            0.04168473751618587,
            -0.9429343612357004,
            -0.5611954618968151
        ],
        [
            0.9379155910165348,
            0.09742618617829261,
            0.3329046634203521,
            -0.013332545579474794
        ],
        [
            0.0,
            0.0,
            0.0,
            1.0
        ]
    ],
    "CAM_FRONT_3M": [
        [
            0.03737173105780399,
            -0.9983193793675014,
            -0.04425459872991334,
            -0.042739932785020286
        ],
        [
            0.0014492731600231987,
            0.044339608893515195,
            -0.9990159437591946,
            -1.1412347138956531
        ],
        [
            0.9993019629257409,
            0.03727187261966832,
            0.003101395758594156,
            -0.16230907027844793
        ],
        [
            0.0,
            0.0,
            0.0,
            1.0
        ]
    ],
    "CAM_LEFT_3M": [
        [
            0.9991061237906539,
            0.04174225244331401,
            -0.006548605135571018,
            1.0893286559074622
        ],
        [
            -0.00642403813615758,
            -0.0031207371190128297,
            -0.9999741506238108,
            -0.21649312824608014
        ],
        [
            -0.04176171068172491,
            0.9991252608103504,
            -0.0028523704729345556,
            -0.8715653385809456
        ],
        [
            0.0,
            0.0,
            0.0,
            1.0
        ]
    ],
    "CAM_RIGHT_3M": [
        [
            -0.9984642066694744,
            -0.009987854445238633,
            -0.05448253123802979,
            -1.369096699108704
        ],
        [
            0.053786318847942785,
            0.060160167418666435,
            -0.9967375387070403,
            -0.06793594314385477
        ],
        [
            0.013232246920905385,
            -0.9981395675447409,
            -0.05953331422981538,
            -0.6447376458117899
        ],
        [
            0.0,
            0.0,
            0.0,
            1.0
        ]
    ],
    "CAM_BACK_3M": [
        [
            0.01957470627316797,
            0.9997786966942945,
            -0.0077799276229979,
            0.05745616227982631
        ],
        [
            -0.18377614478022436,
            -0.0040505903176506495,
            -0.9829600863253253,
            -0.6113777669865642
        ],
        [
            -0.9827750015599322,
            0.020671962183650403,
            0.18365091382612125,
            -2.4903400025846953
        ],
        [
            0.0,
            0.0,
            0.0,
            1.0
        ]
    ]
}