{
    "CAM_FRONT_8M": [
        [0.0285019,-0.997711,-0.0613158,0.0733585],
        [0.0727192,0.0632477,-0.995345,-0.284212],
        [0.996945,0.0239104,0.0743555,0.107221],
        [0.0,0.0,0.0,1.0]
        ],
    "CAM_FRONT_3M": [
        [0.513625,-0.855977,0.0590722,-0.500305],
        [0.0861281,-0.0170643,-0.996138,-1.483],
        [0.853681,0.516732,0.0649566,-2.47377],
        [0.0,0.0,0.0,1.0]
    ],
    "CAM_LEFT_3M": [
        [0.926209,0.369657,0.0741011,2.2921],
        [0.0665751,0.033093,-0.997232,-0.26837],
        [-0.371086,0.928578,0.00604075,-1.76323],
        [0.0,0.0,0.0,1.0]
    ],
    "CAM_RIGHT_3M": [
        [-0.825715,-0.54088,-0.160135,-1.34984],
        [0.153503,0.0577146,-0.98646,-0.0232398],
        [0.542799,-0.839119,0.0353682,0.0449266],
        [0.0,0.0,0.0,1.0]
    ],
    "CAM_BACK_3MH": [
        [-0.263606,0.959684,0.0975694,-0.301129],
        [0.024563,0.107791,-0.99387,-0.119736],
        [-0.964317,-0.259593,-0.0519871,-2.28369],
        [0.0,0.0,0.0,1.0]
    ]
}