{
    "LIDAR_REAR": [[-7.42412837e-01,  6.69828243e-01, -1.23804433e-02, -2.57463444e+00],
    [ 6.69532125e-01,  7.42478081e-01,  2.12862860e-02,  7.91209734e-01],
    [ 2.34503608e-02,  7.51411315e-03, -9.99696738e-01, -1.14576562e-03],
    [ 0.00000000e+00,  0.00000000e+00,  0.00000000e+00,  1.00000000e+00]],
    "LIDAR_FRONT": [[0.67051988, -0.73920896, 0.06303433, 0.17980276],
    [-0.73935224, -0.67283228, -0.02559354, -0.76430857],
    [0.06133053, -0.02944359, -0.99768323, -0.05193438],
    [0.00000000, 0.00000000, 0.00000000, 1.00000000]]
  }
