{
    "LIDAR_REAR": [
      [-0.10616063, -0.02158067, -0.99411496, -1.62700955],
      [-0.99424816, 0.0165518, 0.10581554, 0.09839354],
      [0.01417081, 0.99963008, -0.02321369, -0.39988954],
      [0.0, 0.0, 0.0, 1.0]
    ],
    "LIDAR_LEFT": [
      [-0.99637377, -0.01740636, 0.08328565, 0.08482061],
      [0.0836403, -0.02074947, 0.99627999, 0.75682881],
      [-0.01561347, 0.9996332, 0.0221301, -0.38535561],
      [0.0, 0.0, 0.0, 1.0]
    ],
    "LIDAR_RIGHT": [
      [-0.99686383, 0.00252753, -0.07909471, -0.04788233],
      [0.07886104, -0.0513768, -0.99556071, -0.82108635],
      [-0.00657993, -0.99867603, 0.05101635, -0.34635881],
      [0.0, 0.0, 0.0, 1.0]
    ],
    "LIDAR_TOP_32": [
      [0.99569433, 0.08899701, -0.02593416, 1.51587447],
      [-0.08876085, 0.9960016, 0.01012108, -0.16305324],
      [0.0267312, -0.00777556, 0.99961242, -0.24591734],
      [0.0, 0.0, 0.0, 1.0]
    ],
    "LIDAR_FRONT": [
      [0.08912876, -0.04500001, 0.99500296, 1.63940544],
      [0.99600595, 0.00932842, -0.08879672, -0.14738936],
      [-0.00528595, 0.9989434, 0.04565171, -0.40993371],
      [0.0, 0.0, 0.0, 1.0]
    ]
  }